n,beta1_slope,beta0_intercept
44,857.6027279060905,22237.7208707354
